Section ID,ID
11001,13001
11003,13001
11005,13001
11007,13001
11009,13001
11011,13001
11013,13001
11001,13002
11003,13002
11005,13002
11007,13002
11009,13002
11011,13002
11013,13002
11001,13003
11003,13003
11005,13003
11007,13003
11009,13003
11011,13003
11013,13003
11001,13004
11003,13004
11005,13004
11007,13004
11009,13004
11011,13004
11013,13004
11001,13005
11003,13005
11005,13005
11007,13005
11009,13005
11011,13005
11013,13005
11001,13006
11003,13006
11005,13006
11007,13006
11009,13006
11011,13006
11013,13006
11001,13007
11003,13007
11005,13007
11007,13007
11009,13007
11011,13007
11013,13007
11001,13008
11003,13008
11005,13008
11007,13008
11009,13008
11011,13008
11013,13008
11001,13009
11003,13009
11005,13009
11007,13009
11009,13009
11011,13009
11013,13009
11001,13010
11003,13010
11005,13010
11007,13010
11009,13010
11011,13010
11013,13010
11001,13011
11003,13011
11005,13011
11007,13011
11009,13011
11011,13011
11013,13011
11001,13012
11003,13012
11005,13012
11007,13012
11009,13012
11011,13012
11013,13012
11001,13013
11003,13013
11005,13013
11007,13013
11009,13013
11011,13013
11013,13013
11001,13014
11003,13014
11005,13014
11007,13014
11009,13014
11011,13014
11013,13014
11001,13015
11003,13015
11005,13015
11007,13015
11009,13015
11011,13015
11013,13015
11001,13016
11003,13016
11005,13016
11007,13016
11009,13016
11011,13016
11013,13016
11001,13017
11003,13017
11005,13017
11007,13017
11009,13017
11011,13017
11013,13017
11001,13018
11003,13018
11005,13018
11007,13018
11009,13018
11011,13018
11013,13018
11001,13019
11003,13019
11005,13019
11007,13019
11009,13019
11011,13019
11013,13019
11001,13020
11003,13020
11005,13020
11007,13020
11009,13020
11011,13020
11013,13020
11001,13021
11003,13021
11005,13021
11007,13021
11009,13021
11011,13021
11013,13021
11001,13022
11003,13022
11005,13022
11007,13022
11009,13022
11011,13022
11013,13022
